episode_id;section_index;gender;minutes;absolut_freq;freq_per_hour
20190102_esialgu_nimeta_podcast_ep_4;4;M;4.514666666666669;1;13.290017720023622
20190109_59_saade__astroloog_taimi_uuesoo_tutvustab_meile_13_thtkuju;1;F;41.34983333333333;2;2.902067319900524
20190204_63_saade__niad_helve_ja_liina_soovitavad_armastust_maagiaga_mitte_meelitada;0;F;36.162;2;3.3184005309440847
20190408_68_saade__hingamisterapeudid_annavad_npuniteid_kuidas_end_terveks_ja_nnelikuks_hingata;0;F;39.77;1;1.5086748805632384
20190408_71_saade__klas_kis_veider_kerglane_hullumeelne_ja_leldse_defineerimatu_kaidi_karilaid;5;F;12.764166666666664;1;4.70065939805445
20190417_73_saade__risti_nia_maagilised_vlusnumid_rasketeks_hetkedeks;4;F;22.668166666666664;1;2.6468836621105956
20191223_arcopod_s1e1_leanika_2019;0;F;45.16716666666667;1;1.3283985786135208
20200105_episood_47__vilkurid_ja_lennukid;8;M;17.665000000000003;1;3.39654684404189
20200105_episood_47__vilkurid_ja_lennukid;9;M;2.5386666666666695;1;23.634453781512576
20200105_saaga_jtkub_20__040_05012020;16;M;1.818666666666668;1;32.991202346041035
20200105_saaga_jtkub_20__040_05012020;76;M;3.2906666666666675;1;18.23338735818476
20200116_112_saade__astroloog_anu_kallavus_teab_mis_on_veevalajaajastul_teisiti_kui_kaladeajastul;1;F;53.22666666666667;3;3.381763527054108
20200124_114_saade__meisterpetaja_kristiina_raie_rgib_teekonnast_peale_keha_surma;2;F;28.689000000000004;2;4.182787828087419
20200330_1_lle_madise_intervjuus_eesti_inimeste_igusi_ei_tohi_ikka_grammigi_rohkem_piirata;2;F;1.4676666666666658;1;40.88121735180561
20200412_puhas_eesti_episood__050_12042020;61;M;3.7418333333333296;2;32.069840987038475
20200511_7_vilja_kiisler_ksib_urve_palo_vastab_mis_te_seal_viimsis_juba_jlle_laamendate;0;F;24.440333333333335;2;4.909916667803221
20200524_see_on_ikkagi_hiphopi_saade_056_24052020;6;M;7.1306666666666665;1;8.414360508601346
20200608_liisa_pakosta__naistele_ks_palk_ja_meestele_teine;0;F;24.0745;1;2.492263598413259
20200730_heitlus_20ndates_podcast__osa_1_uus_algus;5;M;0.7146666666666666;2;167.91044776119404
20200730_heitlus_20ndates_podcast__osa_1_uus_algus;6;M;0.8121666666666669;1;73.87646213831313
20200826_riina_solman_ja_liina_kersna_roosast_kleidist_ja_riigi_vrikusest;1;F;5.349499999999996;3;33.64800448640062
20200827_mailis_repsi_tabab_avameelsushoog;0;F;24.511333333333333;1;2.4478472543313297
20200920_tt_terav_teema_068_20092020;32;M;8.332166666666664;1;7.201008141139762
20200920_tt_terav_teema_068_20092020;38;M;6.420166666666668;1;9.34555177695283
20201108_juubel_75_075_08112020;3;M;16.409;1;3.6565299530745325
20201108_juubel_75_075_08112020;5;M;5.749833333333333;1;10.435085074929708
20201203_webinar_kinnisvaramaakleri_karjri_alustamine;23;F;0.2073333333333342;2;578.778135048229
20201213_podcast_noorteaken_2__kaasamine;5;F;10.43616666666666;2;11.498474855071315
20210106_irja_lutsar_mina_ei_ole_selle_valitsuse_ema;0;F;24.734166666666667;1;2.4257942791684917
20210112_abielurefendum_vib_lpetada_riigikohtus_viitab_lle_madise;2;F;1.3129999999999995;1;45.69687738004571
20210124_kiire_saade_086_24012021;11;M;6.745000000000001;1;8.895478131949591
20210124_kiire_saade_086_24012021;43;M;3.9481666666666646;1;15.19692684368273
20210201_keit_pentusrosimannus_autorollo_skandaalist;0;F;24.89816666666667;2;4.819631967547811
20210208_jutud_rohelises_stuudios_osa_1_hardo_adamson;3;M;6.848999999999999;1;8.760402978537014
20210208_jutud_rohelises_stuudios_osa_1_hardo_adamson;12;M;4.0009999999999994;2;29.992501874531367
20210208_signe_riisalo_pikas_vaates_tuleb_kas_maksutus_vi_rnne;0;F;24.6205;4;9.74797424910136
20210305_podcast_noorteaken_5__anne_noortekeskus;1;F;26.269833333333334;3;6.851965816303872
20210318_webinar_ettevtja_kinnisvararis;2;F;19.540166666666664;4;12.282392678329256
20210318_webinar_kinnisvaramaakleri_karjri_alustamine;1;F;8.684166666666666;2;13.818251607331351
20210322_podcast_noorteaken_6__motivatsioon_eneseareng_ja_ajaplaneerimine;1;F;29.687333333333335;2;4.042127955806068
20210405_podcast_noorteaken_7__nipid_isolatsioonis_toimetulekuks_ja_tuleviku_plaanide_tegemiseks;3;F;28.698666666666668;3;6.27206838877532
20210413_episood_4_kas_vanasti_oli_muusika_parem;5;M;46.16899999999999;3;3.8987199202928378
20210416_aprill_epikojas__ro_puuetega_inimeste_komitee_arvamus_eesti_olukorrast;2;M;11.751333333333331;1;5.105803596754979
20210416_jutud_rohelises_stuudios_osa_4_madis_mumm;1;M;27.033;1;2.219509488403063
20210416_jutud_rohelises_stuudios_osa_4_madis_mumm;5;M;17.14183333333333;2;7.0004180805242555
20210419_podcast_noorteaken_8__internetiturvalisus_kberkiusamine_ja_seksuaalne_vrkohtlemine;4;F;21.924166666666668;1;2.7367060701661026
20210422_episood_5_elu_surm_ja_kanade_lestus;0;M;83.633;1;0.7174201571150144
20210502_sott_kihisev__korrrralik_jubileika_100_02052021;3;M;14.037833333333332;3;12.822491600080737
20210502_sott_kihisev__korrrralik_jubileika_100_02052021;46;M;5.829833333333332;1;10.291889419365907
20210502_sott_kihisev__korrrralik_jubileika_100_02052021;48;M;3.2969999999999953;1;18.19836214740676
20210502_sott_kihisev__korrrralik_jubileika_100_02052021;51;M;2.293833333333335;1;26.157087844219994
20210502_sott_kihisev__korrrralik_jubileika_100_02052021;58;M;3.660166666666676;1;16.392696143162837
20210502_sott_kihisev__korrrralik_jubileika_100_02052021;65;M;3.0058333333333396;1;19.961186581646757
20210519_podcast_noorteaken_10__treening_toitumine_ning_tervis;6;F;7.120999999999996;3;25.27734868698218
20210531_kuna_it_on_levinud_igasse_eluvaldkonda_siis_on_itekspertidele_rakendust_kikjal;0;M;28.527333333333335;2;4.206492019349863
20210603_mida_peaksid_teadma_enne_kinnisvaraostu;2;F;2.291166666666671;1;26.187531825125436
20210614_14_mentorlusssteemi_loomine_organisatsioonis__stuudios_katri_jrine_ericsson_eesti_ja_tiiu_allikvee_fontes;2;F;0.8041666666666667;2;149.22279792746113
20210614_erisaade_kommunismiohvrite_memoriaali_audiokirjeldus;1;M;1.836166666666666;2;65.35354452210223
20210614_podcast_noorteaken_11__noorteakna_esimene_hooaeg_on_lbi;3;F;13.800833333333332;3;13.042690658776646
20210620_15_tandja_brnding__stuudios_ivi_aluoja_adven_ja_kristiina_kuuskme_fontes;1;F;44.687333333333335;2;2.6853247005117034
20210701_kuidas_mratakse_iget_mgihinda_kinnisvarale;0;F;25.375;1;2.3645320197044337
20210727_arco_akadeemia_podcast_viljandi_maakonna_kinnisvaraturu_i_poolaasta_levaade;1;F;26.025333333333332;1;2.305445975715969
20210824_kaja_kallas_mina_ekrega_valitsust_ei_moodusta;2;F;3.1930000000000027;1;18.79110554337612
20210908_liina_kersna_veerand_vanemaid_on_vaktsineerimise_vastu;0;F;25.0925;1;2.3911527348809405
20210912_jlle_see_lart_119_12092021;4;M;12.994666666666664;1;4.617278883644573
20210927_61_cancel_cancel_cancel;5;M;19.703333333333333;1;3.0451700219928943
20211018_234_spirituaalne_petaja_andrues_vana_vline_edu_on_sinu_sisemise_kpsuse_peegeldus;23;M;2.269833333333342;2;52.86731771789392
20211221_podcast_noorteaken_14__killu_kolsar_kes_on_arengutreener;2;F;34.03616666666667;3;5.288492143161441
20220106_239_marius_vahter_ja_sven_kabanen_mikrobioomi_olulisusest_detoksist_ja_probiootikumidest;31;M;12.477833333333336;2;9.61705424285733
20220203_dr_annika_uue_dr_aime_keis_kukkumise_traumadest_ja_emo_igapevasest_tst;0;F;23.404166666666665;1;2.563646074416949
20220204_tahad_elada_oma_unistuste_elu_need_kaks_naist_aitavad_sul_seda_saavutada;1;F;40.18816666666667;1;1.4929767883580989
20220206_kollektiivne_katk_14006022022;18;M;40.13216666666667;1;1.4950600723442955
20220216_kristina_kallas_eesti_200_ei_tegele_kersti_kaljulaiu_teemaga;0;F;20.730666666666668;1;2.8942629277077434
20220220_podcast_noorteaken_15__anett_mnniste_tasuta_vlismaale;2;F;32.540166666666664;2;3.687750011524219
20220223_kersti_kaljulaid_kas_mu_silmad_plevad_vimujanust;0;F;25.137;1;2.386919680152763
20220306_podcast_noorteaken_16__eva_maria_hanson_eluks_valmis;2;F;27.668166666666668;1;2.1685571264208567
20220308_sodiaagisosinad_07031303_tundekllane_ndalalpp_loob_unenolise_atmosfri;0;F;17.593000000000004;1;3.4104473370090367
